date,Reconstruction_Error,err_norm,slope_norm,z_norm,Health_Score,Risk_Status
2016-01-08,0.023130423027833066,0.22296370970509677,0.6569311011012965,0.0,69.1,Warning
2016-01-09,0.023064633817010894,0.22231854363372583,0.6569311011012965,0.0,69.2,Warning
2016-01-10,0.0003942514366757036,0.0,0.6569311011012965,0.0,80.3,Normal
2016-01-11,0.0003942514366757036,0.0,0.6569311011012965,0.0,80.3,Normal
2016-01-12,0.0003942514366757036,0.0,0.6569311011012965,0.0,80.3,Normal
2016-01-13,0.0003942514366757036,0.0,0.6569311011012965,0.0,80.3,Normal
2016-01-14,0.0003942514366757036,0.0,0.6569311011012967,0.0,80.3,Normal
2016-01-15,0.0003942514366757036,0.0,0.6569311011012967,0.0,80.3,Normal
2016-01-16,0.0003942514366757036,0.0,0.6569311011012967,0.0,80.3,Normal
2016-01-17,0.0003942514366757036,0.0,0.6569311011012967,0.0,80.3,Normal
2016-01-18,0.0003942514366757036,0.0,0.6569311011012967,0.0,80.3,Normal
2016-01-19,0.0003942514366757036,0.0,0.6569311011012967,0.0,80.3,Normal
2016-01-20,0.0003942514366757036,0.0,0.6569311011012967,0.0,80.3,Normal
2016-01-21,0.0003942514366757036,0.0,0.6569311011012967,0.0,80.3,Normal
2016-01-22,0.0003942514366757036,0.0,0.6569311011012967,0.0,80.3,Normal
2016-01-23,0.0003942514366757036,0.0,0.6569311011012967,0.0,80.3,Normal
2016-01-24,0.0003942514366757036,0.0,0.6569311011012967,0.0,80.3,Normal
2016-01-25,0.0003942514366757036,0.0,0.6569311011012967,0.0,80.3,Normal
2016-01-26,0.0003942514366757036,0.0,0.6569311011012967,0.0,80.3,Normal
2016-01-27,0.0003942514366757036,0.0,0.6569311011012967,0.0,80.3,Normal
2016-01-28,0.0003942514366757036,0.0,0.6569311011012967,0.0,80.3,Normal
2016-01-29,0.0003942514366757036,0.0,0.6569311011012967,0.0,80.3,Normal
2016-01-30,0.0003942514366757036,0.0,0.6569311011012967,0.0,80.3,Normal
2016-01-31,0.0003942514366757036,0.0,0.6569311011012967,0.0,80.3,Normal
2016-02-01,0.0003942514366757036,0.0,0.5755010065440002,0.0,82.7,Normal
2016-02-02,0.02277292458198612,0.2194578785065478,0.6910924095085232,0.0,68.3,Warning
2016-02-03,0.03358339415653798,0.32547143449737265,0.7772011331023493,0.0,60.4,Warning
2016-02-04,0.06060134083247838,0.5904246433227778,0.8338271773254783,0.0,45.5,Warning
2016-02-05,0.06418636062789716,0.6255813674769733,0.86097054217791,0.0,42.9,Warning
2016-02-06,0.06180007078467143,0.6021800646787427,0.8586312276596454,0.38197872706954317,36.5,High Risk
2016-02-07,0.05047028314580667,0.49107378313067823,0.826809233770684,0.3452810745598851,43.7,Warning
2016-02-08,0.039614717367296014,0.38461798835361105,0.6569311011012967,0.3153020462752073,54.8,Warning
2016-02-09,0.036066252156038016,0.34981973904899766,0.6569311011012967,0.29006461183434085,57.0,Warning
2016-02-10,0.00043133591676873485,0.0003636713076726986,0.6569311011012967,0.2683160809647455,74.9,Normal
2016-02-11,0.00043133591676873485,0.0003636713076726986,0.6569311011012967,0.24921759201451218,75.3,Normal
2016-02-12,0.00043133591676873485,0.0003636713076726986,0.6569311011012967,0.23218212530410748,75.6,Normal
2016-02-13,0.00043133591676873485,0.0003636713076726986,0.6569311011012967,0.21678370641367906,75.9,Normal
2016-02-14,0.00043133591676873485,0.0003636713076726986,0.6569311011012967,0.20270348901523258,76.2,Normal
2016-02-15,0.00043133591676873485,0.0003636713076726986,0.6569311011012967,0.18969616388117758,76.5,Normal
2016-02-16,0.00043133591676873485,0.0003636713076726986,0.6569311011012967,0.17756814564878742,76.7,Normal
2016-02-17,0.00043133591676873485,0.0003636713076726986,0.6569311011012967,0.16616286331547,77.0,Normal
2016-02-18,0.00043133591676873485,0.0003636713076726986,0.6569311011012967,0.15535046689793877,77.2,Normal
2016-02-19,0.00043133591676873485,0.0003636713076726986,0.6569311011012967,0.14502032826346803,77.4,Normal
2016-02-20,0.00043133591676873485,0.0003636713076726986,0.6569311011012967,0.1350753026184544,77.6,Normal
2016-02-21,0.00043133591676873485,0.0003636713076726986,0.6569311011012967,0.12542704114324343,77.8,Normal
2016-02-22,0.00043133591676873485,0.0003636713076726986,0.6569311011012967,0.11599180667334168,78.0,Normal
2016-02-23,0.00043133591676873485,0.0003636713076726986,0.6569311011012967,0.1066862842069239,78.1,Normal
2016-02-24,0.00043133591676873485,0.0003636713076726986,0.6569311011012967,0.09742279206255756,78.3,Normal
2016-02-25,0.00043133591676873485,0.0003636713076726986,0.6569311011012967,0.08810302678395872,78.5,Normal
2016-02-26,0.00043133591676873485,0.0003636713076726986,0.6569311011012967,0.07860884364216061,78.7,Normal
2016-02-27,0.00043133591676873485,0.0003636713076726986,0.6569311011012967,0.06878713723880044,78.9,Normal
2016-02-28,0.00043133591676873485,0.0003636713076726986,0.6569311011012967,0.05842240120181943,79.1,Normal
2016-02-29,0.00043133591676873485,0.0003636713076726986,0.6569311011012967,0.04718113895251038,79.3,Normal
2016-03-01,0.00043133591676873485,0.0003636713076726986,0.5179245217266205,0.6171115531739922,72.1,Normal
2016-03-02,0.026090247497967834,0.2519894162226282,0.712626587008677,0.7406910922386685,51.2,Warning
2016-03-03,0.032269158801414594,0.3125833020767909,0.857873139349456,0.5821340184290507,47.0,Warning
2016-03-04,0.05985462355209969,0.5831019129208448,0.9536641787489585,0.4900263125026002,32.4,High Risk
2016-03-05,0.060996276154857906,0.5942976016270494,0.999999705207184,0.42743005715264243,31.7,High Risk
2016-03-06,0.06196896823176792,0.6038363682131073,0.9968797187241326,0.3809747374487731,32.3,High Risk
2016-03-07,0.05068828890819759,0.4932116704757347,0.9443042192998039,0.34448107552570456,40.1,Warning
2016-03-08,0.035058561242661435,0.33993775415185945,0.6569311011012965,0.31464297486289144,57.0,Warning
2016-03-09,0.03212829604565074,0.3112019225222573,0.6569311011012965,0.28950773370072397,58.9,Warning
2016-03-10,0.0005156074120156343,0.0011900850742697022,0.6569311011012965,0.2678361164469253,74.9,Normal
2016-03-11,0.0005156074120156343,0.0011900850742697022,0.6569311011012965,0.24879724806652814,75.3,Normal
2016-03-12,0.0005156074120156343,0.0011900850742697022,0.6569311011012965,0.23180912097702774,75.6,Normal
2016-03-13,0.0005156074120156343,0.0011900850742697022,0.6569311011012965,0.2164490513934651,75.9,Normal
2016-03-14,0.0005156074120156343,0.0011900850742697022,0.6569311011012965,0.20240043638486963,76.2,Normal
2016-03-15,0.0005156074120156343,0.0011900850742697022,0.6569311011012965,0.18941954663389607,76.4,Normal
2016-03-16,0.0005156074120156343,0.0011900850742697022,0.6569311011012965,0.1773139423144111,76.7,Normal
2016-03-17,0.0005156074120156343,0.0011900850742697022,0.6569311011012965,0.1659279063309543,76.9,Normal
2016-03-18,0.0005156074120156343,0.0011900850742697022,0.6569311011012965,0.15513224365868222,77.1,Normal
2016-03-19,0.0005156074120156343,0.0011900850742697022,0.6569311011012965,0.14481684517267052,77.3,Normal
2016-03-20,0.0005156074120156343,0.0011900850742697022,0.6569311011012965,0.13488499463533207,77.5,Normal
2016-03-21,0.0005156074120156343,0.0011900850742697022,0.6569311011012965,0.12524871734810067,77.7,Normal
2016-03-22,0.0005156074120156343,0.0011900850742697022,0.6569311011012965,0.11582462863334111,77.9,Normal
2016-03-23,0.0005156074120156343,0.0011900850742697022,0.6569311011012965,0.10652978037491519,78.1,Normal
2016-03-24,0.0005156074120156343,0.0011900850742697022,0.6569311011012965,0.09727692049845496,78.3,Normal
2016-03-25,0.0005156074120156343,0.0011900850742697022,0.6569311011012965,0.0879683146420045,78.5,Normal
2016-03-26,0.0005156074120156343,0.0011900850742697022,0.6569311011012965,0.07848666545461708,78.7,Normal
2016-03-27,0.0005156074120156343,0.0011900850742697022,0.6569311011012965,0.06868027224248313,78.9,Normal
2016-03-28,0.0005156074120156343,0.0011900850742697022,0.6569311011012965,0.058336213486140966,79.1,Normal
2016-03-29,0.0005156074120156343,0.0011900850742697022,0.6569311011012965,0.04712632875064302,79.3,Normal
2016-03-30,0.0005156074120156343,0.0011900850742697022,0.6569311011012965,0.03448275113419038,79.5,Normal
2016-03-31,0.0005156074120156343,0.0011900850742697022,0.6569311011012965,0.0,80.2,Normal
2016-04-01,0.0005156074120156343,0.0011900850742697022,0.2076766044687254,0.9999999998111301,73.7,Normal
2016-04-02,0.03836311068230163,0.3723440279615027,0.053120342011985434,0.5409981908282565,69.0,Warning
2016-04-03,0.045330542242269636,0.4406705877562494,0.0,0.4627207119845133,68.7,Warning
2016-04-04,0.06354649129049411,0.6193064482091485,0.04831557843276904,0.40739779450753355,59.4,Warning
2016-04-05,0.07295425318586173,0.7115642623184164,0.1980670773102932,0.36531532954600177,51.2,Warning
2016-04-06,0.06906638300801309,0.6734376166679197,0.44925449663257133,0.33168702880949363,46.2,Warning
2016-04-07,0.05775037980881942,0.5624665131023467,0.8018778363996041,0.3038416879664544,41.7,Warning
2016-04-08,0.024564303079299677,0.2370251454338573,0.6569311011012968,0.2801532178280457,62.8,Warning
2016-04-09,0.027698401399467436,0.2677598795223743,0.6569311011012968,0.2595657594548736,61.7,Warning
2016-04-10,0.0006857321215399324,0.0028584238355232466,0.6569311011012968,0.2413583964370495,75.3,Normal
2016-04-11,0.0006857321215399324,0.0028584238355232466,0.6569311011012968,0.2250184724283255,75.6,Normal
2016-04-12,0.0006857321215399324,0.0028584238355232466,0.6569311011012968,0.21016876554025757,75.9,Normal
2016-04-13,0.0006857321215399324,0.0028584238355232466,0.6569311011012968,0.19652332120676858,76.2,Normal
2016-04-14,0.0006857321215399324,0.0028584238355232466,0.6569311011012968,0.18385941999414512,76.5,Normal
2016-04-15,0.0006857321215399324,0.0028584238355232466,0.6569311011012968,0.17199904856882728,76.7,Normal
2016-04-16,0.0006857321215399324,0.0028584238355232466,0.6569311011012968,0.16079616364469335,76.9,Normal
2016-04-17,0.0006857321215399324,0.0028584238355232466,0.6569311011012968,0.1501275629143142,77.1,Normal
2016-04-18,0.0006857321215399324,0.0028584238355232466,0.6569311011012968,0.13988599920132416,77.4,Normal
2016-04-19,0.0006857321215399324,0.0028584238355232466,0.6569311011012968,0.12997461716856656,77.5,Normal
2016-04-20,0.0006857321215399324,0.0028584238355232466,0.6569311011012968,0.12030200566806039,77.7,Normal
2016-04-21,0.0006857321215399324,0.0028584238355232466,0.6569311011012968,0.11077719906620989,77.9,Normal
2016-04-22,0.0006857321215399324,0.0028584238355232466,0.6569311011012968,0.10130380967128061,78.1,Normal
2016-04-23,0.0006857321215399324,0.0028584238355232466,0.6569311011012968,0.09177200757152217,78.3,Normal
2016-04-24,0.0006857321215399324,0.0028584238355232466,0.6569311011012968,0.08204592203872599,78.5,Normal
2016-04-25,0.0006857321215399324,0.0028584238355232466,0.6569311011012968,0.07194117087799057,78.7,Normal
2016-04-26,0.0006857321215399324,0.0028584238355232466,0.6569311011012968,0.06117922852113287,78.9,Normal
2016-04-27,0.0006857321215399324,0.0028584238355232466,0.6569311011012968,0.049279021714533945,79.2,Normal
2016-04-28,0.0006857321215399324,0.0028584238355232466,0.6569311011012968,0.03523444882238517,79.4,Normal
2016-04-29,0.0006857321215399324,0.0028584238355232466,0.6569311011012968,0.016089142239424217,79.8,Normal
2016-04-30,0.0006857321215399324,0.0028584238355232466,0.6569311011012968,0.03448273073664032,79.5,Normal
2016-05-01,0.0006857321215399324,0.0028584238355232466,0.4483676002735111,0.9999995554157909,66.4,Warning
2016-05-02,0.010947485055040899,0.10349095526048802,0.42996073349319724,0.3611882697649154,74.7,Normal
2016-05-03,0.01515932252031462,0.14479460667634791,0.4408632112871865,0.3286572356484279,73.0,Normal
2016-05-04,0.017622681039609494,0.16895168833776764,0.4810750336554787,0.3016005473155389,71.1,Normal
2016-05-05,0.01933422520977287,0.1857360548690343,0.5505962005980737,0.2785089426880666,68.6,Warning
2016-05-06,0.020458373240946823,0.19676008388303537,0.6494267121149718,0.2583936247396817,65.5,Warning
2016-05-07,0.020152065387579306,0.19375625647854883,0.777566568206173,0.24057488758641904,62.2,Warning
2016-05-08,0.01473162620145045,0.14060037558080773,0.6569311011012965,0.2245669431746024,68.8,Warning
2016-05-09,0.008625935605597043,0.08072453324275736,0.6569311011012965,0.21001109515615535,72.1,Normal
2016-05-10,0.0009576670110836,0.005525170588722581,0.6569311011012965,0.19663492354929307,76.1,Normal
2016-05-11,0.0009576670110836,0.005525170588722581,0.6569311011012965,0.18422625576392426,76.3,Normal
2016-05-12,0.0009576670110836,0.005525170588722581,0.6569311011012965,0.17261593037531894,76.6,Normal
2016-05-13,0.0009576670110836,0.005525170588722581,0.6569311011012965,0.16166598396041937,76.8,Normal
2016-05-14,0.0009576670110836,0.005525170588722581,0.6569311011012965,0.1512612781656534,77.0,Normal
2016-05-15,0.0009576670110836,0.005525170588722581,0.6569311011012965,0.14130334855877996,77.2,Normal
2016-05-16,0.0009576670110836,0.005525170588722581,0.6569311011012965,0.13170569072152574,77.4,Normal
2016-05-17,0.0009576670110836,0.005525170588722581,0.6569311011012965,0.12238994726877767,77.6,Normal
2016-05-18,0.0009576670110836,0.005525170588722581,0.6569311011012965,0.11328259505944166,77.8,Normal
2016-05-19,0.0009576670110836,0.005525170588722581,0.6569311011012965,0.10431178939472026,77.9,Normal
2016-05-20,0.0009576670110836,0.005525170588722581,0.6569311011012965,0.09540401128441009,78.1,Normal
2016-05-21,0.0009576670110836,0.005525170588722581,0.6569311011012965,0.08648007160625809,78.3,Normal
2016-05-22,0.0009576670110836,0.005525170588722581,0.6569311011012965,0.07744980508489642,78.5,Normal
2016-05-23,0.0009576670110836,0.005525170588722581,0.6569311011012965,0.06820432283343665,78.7,Normal
2016-05-24,0.0009576670110836,0.005525170588722581,0.6569311011012965,0.05860371105674211,78.8,Normal
2016-05-25,0.0009576670110836,0.005525170588722581,0.6569311011012965,0.04845587318340713,79.0,Normal
2016-05-26,0.0009576670110836,0.005525170588722581,0.6569311011012965,0.03747689121241951,79.3,Normal
2016-05-27,0.0009576670110836,0.005525170588722581,0.6569311011012965,0.025208784861948524,79.5,Normal
2016-05-28,0.0009576670110836,0.005525170588722581,0.6569311011012965,0.010824412982644548,79.8,Normal
2016-05-29,0.0009576670110836,0.005525170588722581,0.6569311011012965,0.007434216555709915,79.9,Normal
2016-05-30,0.0009576670110836,0.005525170588722581,0.6569311011012965,0.034482722442604426,79.3,Normal
2016-05-31,0.0009576670110836,0.005525170588722581,0.6569311011012965,0.0,80.0,Normal
2016-06-01,0.0009576670110836,0.005525170588722581,0.6165909228534314,0.9999960964300432,61.2,Warning
2016-06-02,0.0033634818851663345,0.029117946841247393,0.7008515870208056,0.8731152295827872,60.1,Warning
2016-06-03,0.014284012087528077,0.13621081936390678,0.761507605159929,0.6448288045117972,57.4,Warning
2016-06-04,0.019466281140247028,0.18703106973242176,0.7985589772708014,0.5285225571886759,56.1,Warning
2016-06-05,0.02045288591079687,0.1967062720316555,0.8120057033534235,0.4542594893218253,56.7,Warning
2016-06-06,0.01874192430888359,0.17992761849290725,0.8018477834077944,0.40113890660162727,58.9,Warning
2016-06-07,0.01577500146098442,0.1508323012833165,0.7680852174339143,0.3604167895029936,62.2,Warning
2016-06-08,0.013982413715681818,0.1332531757888551,0.6569311011012967,0.3276976892795811,67.1,Warning
2016-06-09,0.015447062665384603,0.1476163486709781,0.6569311011012967,0.3004951283484721,66.9,Warning
2016-06-10,0.0008190071385172243,0.004165393748075447,0.6569311011012967,0.27728053942427716,74.5,Normal
2016-06-11,0.0008190071385172243,0.004165393748075447,0.6569311011012967,0.2570539197163677,74.9,Normal
2016-06-12,0.0008190071385172243,0.004165393748075447,0.6569311011012967,0.23912841290999104,75.3,Normal
2016-06-13,0.0008190071385172243,0.004165393748075447,0.6569311011012967,0.2230131888739794,75.6,Normal
2016-06-14,0.0008190071385172243,0.004165393748075447,0.6569311011012967,0.20834558625625418,75.9,Normal
2016-06-15,0.0008190071385172243,0.004165393748075447,0.6569311011012967,0.19484969093479226,76.2,Normal
2016-06-16,0.0008190071385172243,0.004165393748075447,0.6569311011012967,0.18230990023136803,76.4,Normal
2016-06-17,0.0008190071385172243,0.004165393748075447,0.6569311011012967,0.17055336259684864,76.7,Normal
2016-06-18,0.0008190071385172243,0.004165393748075447,0.6569311011012967,0.1594378513714231,76.9,Normal
2016-06-19,0.0008190071385172243,0.004165393748075447,0.6569311011012967,0.14884303243885577,77.1,Normal
2016-06-20,0.0008190071385172243,0.004165393748075447,0.6569311011012967,0.13866384502457366,77.3,Normal
2016-06-21,0.0008190071385172243,0.004165393748075447,0.6569311011012967,0.12880512495577612,77.5,Normal
2016-06-22,0.0008190071385172243,0.004165393748075447,0.6569311011012967,0.11917679651996442,77.7,Normal
2016-06-23,0.0008190071385172243,0.004165393748075447,0.6569311011012967,0.10968899293358428,77.9,Normal
2016-06-24,0.0008190071385172243,0.004165393748075447,0.6569311011012967,0.10024631858506745,78.1,Normal
2016-06-25,0.0008190071385172243,0.004165393748075447,0.6569311011012967,0.09074002398118426,78.3,Normal
2016-06-26,0.0008190071385172243,0.004165393748075447,0.6569311011012967,0.08103579560824255,78.5,Normal
2016-06-27,0.0008190071385172243,0.004165393748075447,0.6569311011012967,0.0709522264079312,78.7,Normal
2016-06-28,0.0008190071385172243,0.004165393748075447,0.6569311011012967,0.060217859236937406,78.9,Normal
2016-06-29,0.0008190071385172243,0.004165393748075447,0.6569311011012967,0.04837191923069644,79.1,Normal
2016-06-30,0.0008190071385172243,0.004165393748075447,0.6569311011012967,0.03448271822455709,79.4,Normal
2016-07-01,0.0008190071385172243,0.004165393748075447,0.5512823108190255,0.9999987474099741,63.3,Warning
2016-07-02,0.004217910641100307,0.0374969566643366,0.4798672444641318,0.6982454024377303,69.8,Warning
2016-07-03,0.0060449858628634275,0.05541428578552445,0.44399595470334424,0.5589868292668231,72.7,Normal
2016-07-04,0.009114327395357533,0.08551397832580125,0.4436684415366622,0.4746887542358042,72.9,Normal
2016-07-05,0.010737681933448706,0.10143350763302121,0.47888470496408614,0.41614377772845174,72.2,Normal
2016-07-06,0.011116977083224042,0.10515308959201515,0.5496447449856154,0.3721018371568133,70.8,Normal
2016-07-07,0.010207612766047027,0.09623535070100124,0.6559485616012507,0.3371776838472492,68.8,Warning
2016-07-08,0.00671190673850448,0.06195448767996006,0.6569311011012965,0.30842305784328367,71.0,Normal
2016-07-09,0.0030255691192550777,0.025804183856031972,0.6569311011012965,0.2840678352183324,73.3,Normal
2016-07-10,0.0011495614154930025,0.007406995244523946,0.6569311011012965,0.262974600627135,74.7,Normal
2016-07-11,0.0011495614154930025,0.007406995244523946,0.6569311011012965,0.24437313945938235,75.0,Normal
2016-07-12,0.0011495614154930025,0.007406995244523946,0.6569311011012965,0.22771941410065105,75.4,Normal
2016-07-13,0.0011495614154930025,0.007406995244523946,0.6569311011012965,0.2126153680908555,75.7,Normal
2016-07-14,0.0011495614154930025,0.007406995244523946,0.6569311011012965,0.19876072050273635,75.9,Normal
2016-07-15,0.0011495614154930025,0.007406995244523946,0.6569311011012965,0.18592260002188024,76.2,Normal
2016-07-16,0.0011495614154930025,0.007406995244523946,0.6569311011012965,0.1739156041035862,76.4,Normal
2016-07-17,0.0011495614154930025,0.007406995244523946,0.6569311011012965,0.16258817206912649,76.7,Normal
2016-07-18,0.0011495614154930025,0.007406995244523946,0.6569311011012965,0.15181286855999002,76.9,Normal
2016-07-19,0.0011495614154930025,0.007406995244523946,0.6569311011012965,0.14147908755584437,77.1,Normal
2016-07-20,0.0011495614154930025,0.007406995244523946,0.6569311011012965,0.13148717541539684,77.3,Normal
2016-07-21,0.0011495614154930025,0.007406995244523946,0.6569311011012965,0.12174320254683858,77.5,Normal
2016-07-22,0.0011495614154930025,0.007406995244523946,0.6569311011012965,0.11215364659140195,77.7,Normal
2016-07-23,0.0011495614154930025,0.007406995244523946,0.6569311011012965,0.10261905434917042,77.9,Normal
2016-07-24,0.0011495614154930025,0.007406995244523946,0.6569311011012965,0.09302515234787402,78.1,Normal
2016-07-25,0.0011495614154930025,0.007406995244523946,0.6569311011012965,0.08322835052180409,78.3,Normal
2016-07-26,0.0011495614154930025,0.007406995244523946,0.6569311011012965,0.07302847419435678,78.5,Normal
2016-07-27,0.0011495614154930025,0.007406995244523946,0.6569311011012965,0.06210878320107463,78.7,Normal
2016-07-28,0.0011495614154930025,0.007406995244523946,0.6569311011012965,0.0498730965606247,78.9,Normal
2016-07-29,0.0011495614154930025,0.007406995244523946,0.6569311011012965,0.03481003608154281,79.2,Normal
2016-07-30,0.0011495614154930025,0.007406995244523946,0.6569311011012965,0.03447670152853764,79.2,Normal
2016-07-31,0.0011495614154930025,0.007406995244523946,0.6569311011012965,0.0,79.9,Normal
2016-08-01,0.0011495614154930025,0.007406995244523946,0.7443702568110443,0.9999984063977773,57.3,Warning
2016-08-02,0.01699118458102742,0.16275887823750207,0.6793190094251091,0.4068471821320449,63.3,Warning
2016-08-03,0.018078291689279373,0.1734196630899926,0.6262360494222914,0.3665513972563839,65.2,Warning
2016-08-04,0.019465313021873622,0.1870215758181494,0.5851213768025912,0.3341368572395033,66.4,Warning
2016-08-05,0.019492544980087043,0.1872886277446998,0.5559749915660086,0.307184872759991,67.8,Warning
2016-08-06,0.01863697808402632,0.17889845667822327,0.5387968937125436,0.28420112514491785,69.2,Warning
2016-08-07,0.01828817136595294,0.1754778614597236,0.5335870832421963,0.2642048718806888,69.9,Warning
2016-08-08,0.0210619529483188,0.2026791265907669,0.6569311011012965,0.24652136626696597,65.2,Warning
2016-08-09,0.0019080539245780275,0.01484520017410397,0.6569311011012965,0.230668409692886,74.9,Normal
2016-08-10,0.0018306517292842547,0.014086150633471106,0.6569311011012965,0.21629038837930367,75.3,Normal
2016-08-11,0.0018306517292842547,0.014086150633471106,0.6569311011012965,0.20311793942868533,75.5,Normal
2016-08-12,0.0018306517292842547,0.014086150633471106,0.6569311011012965,0.19094223275649333,75.8,Normal
2016-08-13,0.0018306517292842547,0.014086150633471106,0.6569311011012965,0.17959797728626556,76.0,Normal
2016-08-14,0.0018306517292842547,0.014086150633471106,0.6569311011012965,0.16895183798282393,76.2,Normal
2016-08-15,0.0018306517292842547,0.014086150633471106,0.6569311011012965,0.15889431888147307,76.4,Normal
2016-08-16,0.0018306517292842547,0.014086150633471106,0.6569311011012965,0.1493339271808129,76.6,Normal
2016-08-17,0.0018306517292842547,0.014086150633471106,0.6569311011012965,0.1401928718633212,76.8,Normal
2016-08-18,0.0018306517292842547,0.014086150633471106,0.6569311011012965,0.1314038114862297,77.0,Normal
2016-08-19,0.0018306517292842547,0.014086150633471106,0.6569311011012965,0.12290732542701392,77.1,Normal
2016-08-20,0.0018306517292842547,0.014086150633471106,0.6569311011012965,0.11464988210672108,77.3,Normal
2016-08-21,0.0018306517292842547,0.014086150633471106,0.6569311011012965,0.1065821395025849,77.5,Normal
2016-08-22,0.0018306517292842547,0.014086150633471106,0.6569311011012965,0.09865745052497978,77.6,Normal
2016-08-23,0.0018306517292842547,0.014086150633471106,0.6569311011012965,0.09083046561222849,77.8,Normal
2016-08-24,0.0018306517292842547,0.014086150633471106,0.6569311011012965,0.08305573037792927,77.9,Normal
2016-08-25,0.0018306517292842547,0.014086150633471106,0.6569311011012965,0.07528616744247547,78.1,Normal
2016-08-26,0.0018306517292842547,0.014086150633471106,0.6569311011012965,0.06747130551796697,78.2,Normal
2016-08-27,0.0018306517292842547,0.014086150633471106,0.6569311011012965,0.05955506754004029,78.4,Normal
2016-08-28,0.0018306517292842547,0.014086150633471106,0.6569311011012965,0.05147283725000191,78.6,Normal
2016-08-29,0.0018306517292842547,0.014086150633471106,0.6569311011012965,0.043147358795979224,78.7,Normal
2016-08-30,0.0018306517292842547,0.014086150633471106,0.6569311011012965,0.034482723528496045,78.9,Normal
2016-08-31,0.0018306517292842547,0.014086150633471106,0.6569311011012965,0.0,79.6,Normal
2016-09-01,0.0018306517292842547,0.014086150633471106,0.919032879517187,0.9999997248481871,51.7,Warning
2016-09-02,0.05642366271543622,0.5494559777233418,0.904805082396403,0.2376988286156229,40.6,Warning
2016-09-03,0.05418066020194137,0.5274598312181328,0.8661974644918926,0.22281119122971169,43.2,Warning
2016-09-04,0.05747953827587982,0.5598104884200773,0.8032100258036554,0.2092279687541362,43.7,Warning
2016-09-05,0.05521770634488993,0.5376296900371567,0.7158427663316923,0.19671975631359806,47.7,Warning
2016-09-06,0.04837494254347644,0.47052569252896237,0.6040956860760023,0.18510647402730995,54.6,Warning
2016-09-07,0.04056390390425059,0.39392624637027013,0.46796878503658557,0.1742440128874452,62.8,Warning
2016-09-08,0.04254926843037979,0.4133958496008699,0.6569311011012967,0.16401497700061968,56.3,Warning
2016-09-09,0.0074385184793547224,0.06908005183246925,0.6569311011012967,0.15432209781029993,73.8,Normal
2016-09-10,0.0007986204759412317,0.003965470647643832,0.6569311011012967,0.1450834344328647,77.2,Normal
2016-09-11,0.0007986204759412317,0.003965470647643832,0.6569311011012967,0.13622879167149635,77.4,Normal
2016-09-12,0.0007986204759412317,0.003965470647643832,0.6569311011012967,0.1276969799342141,77.5,Normal
2016-09-13,0.0007986204759412317,0.003965470647643832,0.6569311011012967,0.11943366093070645,77.7,Normal
2016-09-14,0.0007986204759412317,0.003965470647643832,0.6569311011012967,0.1113895983814379,77.9,Normal
2016-09-15,0.0007986204759412317,0.003965470647643832,0.6569311011012967,0.10351918035437269,78.0,Normal
2016-09-16,0.0007986204759412317,0.003965470647643832,0.6569311011012967,0.09577910856188376,78.2,Normal
2016-09-17,0.0007986204759412317,0.003965470647643832,0.6569311011012967,0.08812716511167415,78.3,Normal
2016-09-18,0.0007986204759412317,0.003965470647643832,0.6569311011012967,0.08052097110440408,78.5,Normal
2016-09-19,0.0007986204759412317,0.003965470647643832,0.6569311011012967,0.07291664410880944,78.6,Normal
2016-09-20,0.0007986204759412317,0.003965470647643832,0.6569311011012967,0.0652672404575959,78.8,Normal
2016-09-21,0.0007986204759412317,0.003965470647643832,0.6569311011012967,0.05752082755780092,78.9,Normal
2016-09-22,0.0007986204759412317,0.003965470647643832,0.6569311011012967,0.04961795921197076,79.1,Normal
2016-09-23,0.0007986204759412317,0.003965470647643832,0.6569311011012967,0.04148820058096295,79.3,Normal
2016-09-24,0.0007986204759412317,0.003965470647643832,0.6569311011012967,0.03304512427251322,79.4,Normal
2016-09-25,0.0007986204759412317,0.003965470647643832,0.6569311011012967,0.02417878402853395,79.6,Normal
2016-09-26,0.0007986204759412317,0.003965470647643832,0.6569311011012967,0.014743871744107854,79.8,Normal
2016-09-27,0.0007986204759412317,0.003965470647643832,0.6569311011012967,0.004540128257459971,80.0,Normal
2016-09-28,0.0007986204759412317,0.003965470647643832,0.6569311011012967,0.0067220023222705864,80.0,Normal
2016-09-29,0.0007986204759412317,0.003965470647643832,0.6569311011012967,0.01948603283967534,79.7,Normal
2016-09-30,0.0007986204759412317,0.003965470647643832,0.6569311011012967,0.03448274032324526,79.4,Normal
2016-10-01,0.0007986204759412317,0.003965470647643832,0.9893209280671251,0.9999998644220668,50.1,Warning
2016-10-02,0.06925564427756915,0.6752936193196647,0.7621949758658515,0.359039860635135,36.2,High Risk
2016-10-03,0.08341228876015987,0.8141216519178274,0.5738454714021322,0.32853726333077116,35.5,High Risk
2016-10-04,0.09176860864584256,0.896068433227259,0.424272414675968,0.30296282086740695,36.4,High Risk
2016-10-05,0.09481808960174758,0.9259733617627238,0.31347580568735844,0.2810164832247137,38.7,High Risk
2016-10-06,0.09403214194185561,0.9182659161542597,0.24145564443630385,0.2618306962962274,41.6,Warning
2016-10-07,0.09379234114875691,0.9159142944573024,0.20821193092280374,0.24480072099465777,43.1,Warning
2016-10-08,0.10236677153093535,0.9999999901934365,0.6569311011012967,0.2294898286334844,25.7,High Risk
2016-10-09,0.00515759323628802,0.04671201367287231,0.6569311011012967,0.2155731922826213,73.6,Normal
2016-10-10,0.00515759323628802,0.04671201367287231,0.6569311011012967,0.2028030773113017,73.9,Normal
2016-10-11,0.00515759323628802,0.04671201367287231,0.6569311011012967,0.19098637754809175,74.1,Normal
2016-10-12,0.00515759323628802,0.04671201367287231,0.6569311011012967,0.17996962294126442,74.4,Normal
2016-10-13,0.00515759323628802,0.04671201367287231,0.6569311011012967,0.16962867703688955,74.6,Normal
2016-10-14,0.00515759323628802,0.04671201367287231,0.6569311011012967,0.15986147124170103,74.8,Normal
2016-10-15,0.00515759323628802,0.04671201367287231,0.6569311011012967,0.15058275833301593,74.9,Normal
2016-10-16,0.00515759323628802,0.04671201367287231,0.6569311011012967,0.14172023895454738,75.1,Normal
2016-10-17,0.00515759323628802,0.04671201367287231,0.6569311011012967,0.13321163874423747,75.3,Normal
2016-10-18,0.00515759323628802,0.04671201367287231,0.6569311011012967,0.12500245244900657,75.5,Normal
2016-10-19,0.00515759323628802,0.04671201367287231,0.6569311011012967,0.11704415917640229,75.6,Normal
2016-10-20,0.00515759323628802,0.04671201367287231,0.6569311011012967,0.10929276929722295,75.8,Normal
2016-10-21,0.00515759323628802,0.04671201367287231,0.6569311011012967,0.10170759976882789,75.9,Normal
2016-10-22,0.00515759323628802,0.04671201367287231,0.6569311011012967,0.09425019743683138,76.1,Normal
2016-10-23,0.00515759323628802,0.04671201367287231,0.6569311011012967,0.08688334300623594,76.2,Normal
2016-10-24,0.00515759323628802,0.04671201367287231,0.6569311011012967,0.0795700738088027,76.4,Normal
2016-10-25,0.00515759323628802,0.04671201367287231,0.6569311011012967,0.07227266177683483,76.5,Normal
2016-10-26,0.00515759323628802,0.04671201367287231,0.6569311011012967,0.06495147335888085,76.7,Normal
2016-10-27,0.00515759323628802,0.04671201367287231,0.6569311011012967,0.05756361799900332,76.8,Normal
2016-10-28,0.00515759323628802,0.04671201367287231,0.6569311011012967,0.05006125622211399,77.0,Normal
2016-10-29,0.00515759323628802,0.04671201367287231,0.6569311011012967,0.04238937792034774,77.1,Normal
2016-10-30,0.00515759323628802,0.04671201367287231,0.6569311011012967,0.03448275859833587,77.3,Normal
2016-10-31,0.00515759323628802,0.04671201367287231,0.6569311011012967,0.0,78.0,Normal
2016-11-01,0.00515759323628802,0.04671201367287231,0.7583618569644818,0.9999986793151441,54.9,Warning
2016-11-02,0.020697365467690833,0.19910377632271814,0.719733863280007,0.0817546782318853,66.8,Warning
2016-11-03,0.0201715190831209,0.19394703037854502,0.6827117835055586,0.07990800263515749,68.2,Warning
2016-11-04,0.019276982534219254,0.18517470093819735,0.6472956176411371,0.07807766238984606,69.8,Warning
2016-11-05,0.017980914854099642,0.1724647309755878,0.613485365686742,0.07626302483760228,71.4,Normal
2016-11-06,0.016505220444861985,0.15799324009351398,0.5812810276423733,0.07446347814441927,73.2,Normal
2016-11-07,0.015520318683949434,0.1483347384663732,0.5506826035080316,0.07267843014268136,74.6,Normal
2016-11-08,0.016524216598295123,0.15817952707778474,0.6569311011012965,0.07090730723960909,71.0,Normal
2016-11-09,0.005575161705065126,0.05080692536374952,0.6569311011012965,0.06914955338717847,76.4,Normal
2016-11-10,0.005575161705065126,0.05080692536374952,0.6569311011012965,0.0674046291090059,76.4,Normal
2016-11-11,0.005575161705065126,0.05080692536374952,0.6569311011012965,0.06567201058003314,76.4,Normal
2016-11-12,0.005575161705065126,0.05080692536374952,0.6569311011012965,0.06395118875517104,76.5,Normal
2016-11-13,0.005575161705065126,0.05080692536374952,0.6569311011012965,0.06224166854335679,76.5,Normal
2016-11-14,0.005575161705065126,0.05080692536374952,0.6569311011012965,0.06054296802374072,76.5,Normal
2016-11-15,0.005575161705065126,0.05080692536374952,0.6569311011012965,0.0588546177009663,76.6,Normal
2016-11-16,0.005575161705065126,0.05080692536374952,0.6569311011012965,0.057176159796724434,76.6,Normal
2016-11-17,0.005575161705065126,0.05080692536374952,0.6569311011012965,0.05550714757496344,76.6,Normal
2016-11-18,0.005575161705065126,0.05080692536374952,0.6569311011012965,0.05384714469832378,76.7,Normal
2016-11-19,0.005575161705065126,0.05080692536374952,0.6569311011012965,0.052195724613527526,76.7,Normal
2016-11-20,0.005575161705065126,0.05080692536374952,0.6569311011012965,0.050552469963610486,76.7,Normal
2016-11-21,0.005575161705065126,0.05080692536374952,0.6569311011012965,0.04891697202501836,76.8,Normal
2016-11-22,0.005575161705065126,0.05080692536374952,0.6569311011012965,0.047288830167720425,76.8,Normal
2016-11-23,0.00557516230572547,0.0508069312541633,0.6569311011012965,0.04566765133660426,76.8,Normal
2016-11-24,0.00557516230572547,0.0508069312541633,0.6569311011012965,0.04405304955252494,76.9,Normal
2016-11-25,0.00557516230572547,0.0508069312541633,0.6569311011012965,0.04244464543147471,76.9,Normal
2016-11-26,0.00557516230572547,0.0508069312541633,0.6569311011012965,0.04084206572042309,76.9,Normal
2016-11-27,0.00557516230572547,0.0508069312541633,0.6569311011012965,0.03924494284846828,77.0,Normal
2016-11-28,0.00557516230572547,0.0508069312541633,0.6569311011012965,0.03765291449199137,77.0,Normal
2016-11-29,0.00557516230572547,0.0508069312541633,0.6569311011012965,0.03606562315259564,77.0,Normal
2016-11-30,0.00557516230572547,0.0508069312541633,0.6569311011012965,0.03448271574664521,77.1,Normal
2016-12-01,0.00557516230572547,0.0508069312541633,0.7540607065596597,0.9999986037880745,54.8,Warning
2016-12-02,0.017107714353836057,0.1639016348503441,0.744966801228213,0.20114877506150897,65.4,Warning
